<?xml version="1.0" encoding="UTF-8"?>
<!DOCTYPE plist PUBLIC "-//Apple//DTD PLIST 1.0//EN" "http://www.apple.com/DTDs/PropertyList-1.0.dtd">
<plist version="1.0">
<dict>
    <key>protocal.number</key>
    <string>12</string>
    
    <key>protocal.1.type</key>
    <string>2dslice</string>
    <key>protocal.1.title</key>
    <string>2D Slice</string>
    <key>protocal.1.file</key>
    <string>protocal/2dview.png</string>
    
    <key>protocal.2.type</key>
    <string>browser2d</string>
    <key>protocal.2.title</key>
    <string>2D Browser</string>
    <key>protocal.2.file</key>
    <string>protocal/browse2d.png</string>
    
    <key>protocal.3.type</key>
    <string>mpr</string>
    <key>protocal.3.title</key>
    <string>MPR Three</string>
    <key>protocal.3.file</key>
    <string>protocal/mpr.png</string>
    
    <key>protocal.4.type</key>
    <string>mpr3d</string>
    <key>protocal.4.title</key>
    <string>MPR+VR</string>
    <key>protocal.4.file</key>
    <string>protocal/mpr3d.png</string>
    
    <key>protocal.5.type</key>
    <string>mpr2</string>
    <key>protocal.5.title</key>
    <string>MPR Four</string>
    <key>protocal.5.file</key>
    <string>protocal/mpr2.png</string>
    
    <key>protocal.6.type</key>
    <string>2dview</string>
    <key>protocal.6.title</key>
    <string>2D Axial</string>
    <key>protocal.6.file</key>
    <string>protocal/2dview.png</string>
    
    <key>protocal.7.type</key>
    <string>compare2d</string>
    <key>protocal.7.title</key>
    <string>Compare</string>
    <key>protocal.7.file</key>
    <string>protocal/compare2d.png</string>
    
    <key>protocal.8.type</key>
    <string>compare4d</string>
    <key>protocal.8.title</key>
    <string>4D Browser</string>
    <key>protocal.8.file</key>
    <string>protocal/compare4d.png</string>
    
    <key>protocal.9.type</key>
    <string>petctfusion</string>
    <key>protocal.9.complex</key>
    <string>1</string>
    <key>protocal.9.title</key>
    <string>PET/CT Fusion</string>
    <key>protocal.9.file</key>
    <string>protocal/petct_fusion.png</string>
    
    <key>protocal.10.type</key>
    <string>petctfusionsimple</string>
    <key>protocal.10.complex</key>
    <string>1</string>
    <key>protocal.10.title</key>
    <string>PET/CT Simple</string>
    <key>protocal.10.file</key>
    <string>protocal/petct_fusion_ac.png</string>
    
    <key>protocal.11.type</key>
    <string>petmip</string>
    <key>protocal.11.title</key>
    <string>PET MIP</string>
    <key>protocal.11.file</key>
    <string>protocal/petmip.png</string>
    
    <key>protocal.12.type</key>
    <string>ctvr</string>
    <key>protocal.12.title</key>
    <string>CT VR3D</string>
    <key>protocal.12.file</key>
    <string>protocal/ctvr.png</string>
</dict>
</plist>
